time,x,y,z,phi,theta,psi,x_velocity,y_velocity,z_velocity,phi_velocity,theta_velocity,psi_velocity,rotor_speed1,rotor_speed2,rotor_speed3,rotor_speed4
0.06,-2.8608476656089987e-06,-3.006960684522463e-07,10.069841846881245,6.283070493293977,6.282614790563368,0.0,-5.067409116379817e-05,-3.421259113987717e-05,2.3264749635786943,-0.005634249827774497,-0.046680148584197285,0.0,-899.8839780559233,-897.9925426360242,899.9443027529627,-899.6936284502951
0.12000000000000001,8.744853121585976e-05,-1.701245977529193e-05,10.278629390441454,6.28291742749931,6.27931528527947,0.0,0.004312022954301661,-0.0006249980015689586,4.626884932244756,0.003316206195102351,-0.08199625794483725,0.0,-899.690627479607,-898.2579734361713,899.7625015136628,-900.0344180106314
0.18,0.0007513750554713067,-7.212287671348088e-05,10.623842545862084,0.0003733643528205377,6.2738538040642275,0.0,0.01987745778816812,-0.0010229781556365186,6.86965620394554,0.022668802548888842,-0.12321911387011272,0.0,-899.7146727936694,-898.039405387207,899.4384128509929,-900.0647250196023
0.23999999999999996,0.0028257987493446888,-8.013921471662931e-05,11.101196170017346,0.0021302942621233,6.26587543473978,0.0,0.0521398558225176,0.0013860328354258562,9.027735025888186,0.04027215570347101,-0.17353971906337504,0.0,-899.8010886382017,-897.7512887712732,899.5487246324097,-900.0395932135788
0.3,0.007482770208203304,0.000208901224790194,11.704880939297727,0.004795435032601603,6.2549122960090315,0.0,0.10684111229675394,0.00919242430942251,11.077525904774923,0.05191228733268005,-0.21618519749784249,0.0,-899.6185136957079,-897.8712060267371,899.7007279916522,-899.888530353457
0.36000000000000004,0.01621717485467778,0.0011677934632929275,12.427802961918873,0.00797777557098378,6.241436309368673,0.0,0.18852363436125166,0.023824107391875057,12.999915844463501,0.05549569308467282,-0.2521724684022908,0.0,-899.4580836516963,-897.9714447997941,899.798952182999,-899.6022200096445
0.4200000000000001,0.030720828478923143,0.003214053467116806,13.261960686253367,0.011497069828534379,6.225903880611337,0.0,0.2992710404086646,0.04539155480776621,14.783773226207321,0.06457334345490505,-0.2776434206635475,0.0,-899.6756395237428,-898.6070964348327,899.8900905484545,-899.8611043868658
0.48000000000000015,0.05273262451781564,0.006759585839623848,14.198735816398473,0.015483221478483244,6.208754164531193,0.0,0.43855151226817213,0.07379893418306119,16.419691635011873,0.07016419904656451,-0.31194493854017197,0.0,-900.0944037480896,-898.6600673741691,899.9611221128913,-899.7407138903477
0.5400000000000001,0.08391762654542248,0.012207480232863421,15.229107871839721,0.019800703569978317,6.18948547790804,0.0,0.6048590501258571,0.1087225943876046,17.90359250063452,0.07554351580418246,-0.35468207589971257,0.0,-900.2599243116114,-898.4715717022773,899.8646207061983,-899.5897443376138
0.6000000000000002,0.12586464032219094,0.019931647536878597,16.343995832857505,0.0245183762576362,6.1676368532948445,0.0,0.7971511719639023,0.14959290380993892,19.237414017107714,0.08436119092694425,-0.4003345909605366,0.0,-900.2299870808434,-898.3068760349286,899.8934097331081,-899.7164466575554
0.6600000000000003,0.18009664936647932,0.030274748705364358,17.534507430344,0.02971319186465493,6.143013911236952,0.0,1.014153431696099,0.19596846993388398,20.425424230768286,0.09085540779650136,-0.4613946712033129,0.0,-900.2266748993342,-897.6568074112424,899.9370321607237,-899.6294301030857
0.7200000000000003,0.24807404434536648,0.043555275669412134,18.79218749262945,0.03524667793959235,6.114730094818235,0.0,1.2552974131364698,0.2474205513020973,21.477763536327775,0.09498674823405087,-0.5260255562586077,0.0,-900.4162625970567,-897.6715325397935,900.1137546189142,-899.6782039168228
0.7800000000000004,0.33123879314453863,0.060059875179216744,20.109218647474815,0.041112495271612204,6.0825825260128354,0.0,1.5203233825610538,0.3033498877561286,22.405485514859084,0.10293173560979635,-0.5965818377654165,0.0,-900.6940287111681,-897.672428106328,900.3039676585206,-899.9947755041808
0.8400000000000004,0.43100870201289043,0.080043348092155,21.478462319437153,0.047355272753915045,6.046183263771642,0.0,1.8087868274952454,0.36334376938326857,23.22012406682001,0.10630094388856587,-0.6562342201432897,0.0,-900.4840785911928,-897.8618778184361,900.580363591069,-900.0622839405431
0.9000000000000005,0.5487757861992738,0.10373965812663442,22.8935371689128,0.05379739107660875,6.0062117293504755,0.0,2.120066179917452,0.42705452969916147,23.935276079370468,0.10951687110167982,-0.7098391029198335,0.0,-900.5322772287434,-898.1151588393354,900.5947878457553,-900.0505499130095
0.9600000000000005,0.6858707396952289,0.13136225012893873,24.34888725152515,0.06055702898071136,5.9630181584071416,0.0,2.4528724289583606,0.49420860081784657,24.564793253016433,0.11837065730269927,-0.7666470998206859,0.0,-900.4600435065286,-897.8711860901496,900.6409583714425,-900.3087952257213
1.0200000000000005,0.8435583975065335,0.16312144113069527,25.839813709770795,0.06775317562642069,5.916414833988515,0.0,2.8064558041624776,0.5650001388165116,25.123367414722125,0.122950497139702,-0.8243335483191989,0.0,-900.4343338642091,-897.7628300398569,900.7679847058673,-900.2506907924394
1.0800000000000005,1.023076196771548,0.1992452597824084,27.36247802774601,0.07543424675858468,5.866353675285648,0.0,3.180660922127568,0.6397767333047043,25.624972395699828,0.1366281777898383,-0.8792220055904952,0.0,-900.3749643252762,-897.7666542820696,900.2295593626329,-900.0718439592114
1.1400000000000006,1.2257083839217815,0.2399988752974019,28.913947944565816,0.08366795040610331,5.81302744711542,0.0,3.5772050933519304,0.7194828623341593,26.085743461528057,0.1384276474527229,-0.9253646720796587,0.0,-900.213881054029,-897.9109525592592,900.4583676715362,-899.8146665971134
1.2000000000000006,1.4528434892567892,0.2857033214542811,30.49218363879048,0.09221108322864424,5.756899851949996,0.0,3.9977753154967193,0.8049270621238861,26.51921116852508,0.14931672311041047,-0.9882159269015375,0.0,-900.4751194956522,-897.4433084414561,900.0911813067704,-899.812613216525
1.2600000000000007,1.7060281965488784,0.3367377115828533,32.095978263032045,0.10152663006855533,5.6970125093518575,0.0,4.446320999129436,0.8973981927436926,26.939873674907158,0.16506042900541648,-1.0398074706120122,0.0,-900.149724256865,-897.5112700780589,899.9284417100616,-899.84764587606
1.3200000000000007,1.9871090245449141,0.39357875810035436,33.724984865933855,0.1118075016272293,5.634066395398751,0.0,4.92858691729615,0.9987944833960669,27.36156808849784,0.18160624432687178,-1.0828829469474512,0.0,-899.9290003664681,-897.5810427688862,899.7452045403103,-899.7018165294285
1.3800000000000008,2.298309357975648,0.456827507062579,35.37964478748575,0.12313770655191725,5.5685175286781075,0.0,5.451404117463843,1.1113368453632537,27.79669304028302,0.20032526167831854,-1.1294231822117426,0.0,-899.7701684848199,-897.2294596912031,899.7062067973083,-899.7587158748846
1.4400000000000008,2.6423275058161364,0.5272299990323644,37.06112573976242,0.13541536905356732,5.500249604122054,0.0,6.023951169443377,1.237644561113755,28.25719045048517,0.21203103443985513,-1.1646535186106242,0.0,-899.6441611182939,-897.5102066304928,899.8220281880954,-899.6010209131856
1.5000000000000009,3.0224556844532477,0.6056905359010593,38.77125742425746,0.14845010290202598,5.429951923937411,0.0,6.656583865137547,1.3803045289154756,28.75294564940864,0.22597880536924986,-1.1913133443342114,0.0,-899.5151304991896,-897.6880162948152,899.964265825764,-899.8460684347708
1.560000000000001,3.4426019896376303,0.6932659322152646,40.51237158771586,0.1628735973487494,5.358043146141966,0.0,7.3595018596860236,1.5419075116437018,29.290866615974956,0.2596540548099961,-1.2190036207790442,0.0,-899.7344434080624,-897.8311910366848,899.4503201279589,-900.1471928720098
1.620000000000001,3.9073217369996307,0.7911910442218143,42.28716568192735,0.17915593395538298,5.284597108343348,0.0,8.144248591339531,1.7258492038016604,29.876351091476895,0.2879944133067867,-1.23680538977847,0.0,-899.5299762813887,-897.9953675328574,899.5145513690753,-900.0170000035105
1.680000000000001,4.421896898049472,0.900914116417099,44.09861477138865,0.19712550525191652,5.209988474059065,0.0,9.023212962259317,1.9356854868711588,30.513110519042094,0.31587750379927776,-1.2618701844033637,0.0,-899.6183234066253,-897.762140526889,899.4632982331524,-899.9704383424421
1.740000000000001,4.992406982741393,1.024096530310029,45.94988518305562,0.21686742148210847,5.133766576940541,0.0,10.010992491389006,2.1750297624716928,31.204036752088587,0.34707577036978426,-1.2978973914781364,0.0,-899.9015398300761,-897.5619281083268,899.486736104951,-900.1538579028829
1.8000000000000012,5.625910103526636,1.162622393709786,47.84429646352809,0.23821489617401603,5.055513787953906,0.0,11.12580664607433,2.4476715971090957,31.95134718218551,0.36904701452050115,-1.3211810593911562,0.0,-899.967641726988,-898.1007167165938,899.8327116252638,-900.1544827383566
1.8600000000000012,6.330529400566297,1.3185830018226563,49.78522317931366,0.26095683655789337,4.975979277252797,0.0,12.384201365048481,2.7566058369291313,32.754423537727234,0.39374771481681053,-1.336100104841045,0.0,-899.7389642751169,-898.1815808251471,899.6508368608694,-900.1123941031032
1.9200000000000013,7.115443134015019,1.4942387404426745,51.7759756213684,0.28526408770801837,4.895768280030021,0.0,13.804843505717821,3.104533963866086,33.61182041875214,0.42133579943494465,-1.3383745842612742,0.0,-899.7113514056035,-898.6511144468907,899.4746566519358,-900.0856994096508
1.9800000000000013,7.990865368680208,1.6919963895592736,53.81972024068098,0.31132926528990446,4.81547752441282,0.0,15.40349244780801,3.493643096021057,34.52033632741153,0.45235975110350696,-1.337796031402565,0.0,-899.5743957403911,-898.6277253896301,899.3779728385337,-900.163767605232
2.0400000000000014,8.967965003148072,1.9143869087652476,55.9194288506249,0.3390188998339303,4.735087780122996,0.0,17.196641819306798,3.925890188968401,35.47687189801498,0.47521461736761644,-1.344184058863465,0.0,-899.7905131914664,-898.5591900189445,899.4044740322636,-899.8967283057698
2.1000000000000014,10.058984872269743,2.1640456457010044,58.07791170632255,0.36797253457345125,4.654109188569599,0.0,19.20408226797782,4.402765429754144,36.479224792801666,0.49408958724403323,-1.3635218157944196,0.0,-899.9816647716624,-898.2100073871134,899.6013017844924,-899.9678325048251
2.1600000000000015,11.277528129087525,2.4436803326586314,60.297870863463125,0.39782982775007625,4.571916270116546,0.0,21.451780680130828,4.925168752401529,37.52589106429434,0.5037293515103384,-1.3870060596704838,0.0,-900.2985670621085,-898.3288438892254,899.6862814583956,-899.7138348955007
2.2200000000000015,12.638963692705461,2.75602883220785,62.58192887128254,0.4283873384529624,4.4883840838507805,0.0,23.972445887907476,5.493185076650947,38.61570401144676,0.5184079271494278,-1.4052062119577813,0.0,-900.2084984495424,-898.4202725418877,899.7453116649858,-900.0121141909657
2.2800000000000016,14.160758498013346,3.10381854873291,64.93265335971036,0.45994419518931906,4.403810794369505,0.0,26.803064110879557,6.106465061286442,39.74804812009764,0.5376850883090827,-1.4199360726267458,0.0,-900.258462634506,-898.5851162209291,899.4239295095936,-899.918217710308
2.3400000000000016,15.862792396416031,3.489747535864802,67.35259628839198,0.49263929085121116,4.3186019295939175,0.0,29.98736139818992,6.764409132941333,40.92315939973425,0.5562505888077349,-1.4205690555952717,0.0,-900.0136615452881,-898.8958699384812,899.318838343532,-899.8304190691111
2.4000000000000017,17.767783526697254,3.916486364649963,69.84439556953477,0.5262149511201866,4.233451371396212,0.0,33.576293824956,7.466921888600948,42.14413443688919,0.5653462469076728,-1.416557940583997,0.0,-899.8813962817762,-898.9530371144625,899.7795764511495,-899.9544461797143
2.4600000000000017,19.90175364644315,4.386763071387875,72.41104624369935,0.5603585402352733,4.148757085849798,0.0,37.630221068913514,8.216172395441498,43.41991517489787,0.5753824092514019,-1.403198648619575,0.0,-899.7540091221073,-899.2151857406622,899.6379803865207,-899.8972026015581
2.520000000000002,22.294887298122227,4.903521804797575,75.0562470474046,0.5951224219757201,4.064578568198698,0.0,42.22852906804576,9.017380370004206,44.76507886084989,0.5861727594258331,-1.4025377711992617,0.0,-899.9010225356093,-898.8617890072152,899.8071518568497,-900.1464858353429
2.580000000000002,24.98292336056056,5.470118144482235,77.7847205440975,0.6303028038027634,3.980356372442932,0.0,47.479106871021834,9.878797195309334,46.19868100991288,0.586392369959297,-1.4061106361396951,0.0,-899.9765971411422,-898.7647471705252,899.9616929129539,-899.9255096068453
2.640000000000002,28.009255580268167,6.090497004128547,80.60245316201619,0.6654277606932117,3.895900399611685,0.0,53.53098757627404,10.812109192353171,47.74413247742377,0.5830586199427973,-1.4107153094347968,0.0,-899.6877964772287,-898.427756705144,899.8982334674773,-899.7721047531692
2.700000000000002,31.42790713858123,6.769413045868325,83.51695526409546,0.7003529058679696,3.811171585636785,0.0,60.592301636141826,11.832908219957062,49.42905740088807,0.5796756416331077,-1.415135582029278,0.0,-899.8380618178895,-898.5787630609619,899.7877433726696,-899.7210547466664
2.760000000000002,35.30767190913138,7.512796520200945,86.53765608783931,0.7350391485146366,3.7260859001025928,0.0,68.95217734050799,12.96521041135113,51.29013273633644,0.5742469290258831,-1.424562510816259,0.0,-899.847758525783,-898.37161358388,899.7288489532315,-899.6534651033635
2.820000000000002,39.738263371420786,8.328291452558334,89.6764440296746,0.7692432678312517,3.6406279432535698,0.0,79.02702548648038,14.242724449013082,53.37311056333413,0.5593522646318999,-1.4237837221666267,0.0,-899.4435381821113,-898.3425181658018,900.168353812107,-899.8085384718696
2.880000000000002,44.83995728046007,9.226100292286244,92.948444327872,0.8025219464248217,3.5551560273438465,0.0,91.43369439229724,15.718963778712386,55.74174642757267,0.542104773085512,-1.42605035465898,0.0,-899.4458620115458,-898.2207846064267,900.3298987835718,-899.9789350214764
2.940000000000002,50.77932436531372,10.220563979740607,96.37339394110847,0.8346712944556689,3.4697324308461894,0.0,107.12535973543798,17.48038897972369,58.48732414925849,0.5173075521310588,-1.419492991625393,0.0,-898.9477459012654,-898.0808871714905,900.2988884685245,-899.7747211037843
3.000000000000002,57.79654113536326,11.332693128549591,99.97766020130628,0.8653714397143775,3.3847745762289634,0.0,127.65609701461437,19.66846389441828,61.74366136439085,0.4951792368922306,-1.409775884953155,0.0,-898.9676437316342,-898.2406677610677,900.2199730240667,-899.9780749597638
3.0600000000000023,66.25598643701896,12.594957662654757,103.79786673042553,0.894567337232405,3.30014505774599,0.0,155.72804198706385,22.533578373956225,65.72542649303055,0.45325189664377546,-1.411941953182951,0.0,-899.2608370458718,-898.060528400928,900.5020427093779,-899.6963036079053
3.1200000000000023,76.74818967744132,14.060680892260782,107.88764493979461,0.9212601250201473,3.2153217587906475,0.0,196.4580863744978,26.54618516503033,70.80219462954811,0.4106947543506338,-1.4174851205708514,0.0,-899.2897162202659,-897.9465659879503,900.1754145255804,-899.6835694123505
3.1800000000000024,90.32023006806529,15.82509320953136,112.33219442665916,0.9454482436151563,3.1301039322918456,0.0,260.7430453173739,32.706157308271074,77.70551182105288,0.3709873437225643,-1.4265151517607253,0.0,-899.5247266085441,-898.0287428423518,899.7880665369861,-899.9461750302005
3.2400000000000024,109.08933351797783,18.081761528851274,117.2862084589999,0.9672613132373069,3.0443535193020104,0.0,376.1623108905354,43.550578486966344,88.18846056504856,0.3037039117893885,-1.4350037113477867,0.0,-899.4912008483295,-898.0013894426874,899.9963108986732,-899.9567088277788
3.3000000000000025,138.3464804149522,21.317944020427426,123.10184671843355,0.9857158111990314,2.958158324306865,0.0,634.8728461108478,67.65560000437428,107.93307792882094,0.19001708815549104,-1.4398810565841027,0.0,-899.5919828374539,-898.234261146002,899.9331399780734,-899.8670341742977
3.3600000000000025,150.0,27.41895423713963,131.0389308031135,1.0037729736097791,2.871699786046479,0.0,1560.5619564929002,156.45719670283236,170.02839554389195,-0.05358941857838215,-1.4431416869952542,0.0,-899.6159772368004,-898.3083227108631,900.009154262465,-899.902534411177
3.4200000000000026,150.0,68.03526198399362,159.9173528654268,1.355207494696855,2.785285782373606,0.0,16835.319779537494,2238.9553644689004,1375.3377384306627,-1.3074782962238944,-1.4345507862107654,0.0,-899.2089821366039,-898.3462393657087,899.6920452694615,-899.873057438006
3.4800000000000026,150.0,150.0,0.0,1.177770923777043,2.699883935117864,0.0,25899375959.75447,18916038564.64518,-7302623065.122697,-11.9686064752855,-1.407376740881246,0.0,-899.1996162991634,-898.311919926757,899.5690168571347,-900.0309722782156
3.5400000000000027,150.0,150.0,300.0,4.996936443932254,2.6160829943268986,0.0,1.654445753843163e+60,4.6928472348699635e+60,2.1697871364468994e+59,-20.037575157943497,-1.381216138850739,0.0,-899.3752298042921,-898.2456043593018,899.8821209669633,-900.1406161010211
3.6000000000000028,nan,nan,nan,0.5593588997427261,2.533230252618786,0.0,nan,nan,nan,-19.669498409291517,-1.3702237942866549,0.0,-899.9020272706213,-898.1318194352616,899.58966684297,-900.1817417873783
3.660000000000003,nan,nan,nan,2.739502828672192,2.4506401451210102,0.0,nan,nan,nan,-15.289736659561447,-1.3933090734010627,0.0,-900.0598083760043,-898.0959473012662,899.6294985278657,-899.8394425651142
3.720000000000003,nan,nan,nan,3.1506572535708965,2.36671952028302,0.0,nan,nan,nan,-12.547609456204423,-1.4122420564368139,0.0,-900.0784679040842,-898.2503513302487,899.6500391147582,-899.7134133608579
3.780000000000003,nan,nan,nan,3.0393750989685664,2.281766826755515,0.0,nan,nan,nan,-10.656626502489072,-1.4242506862463336,0.0,-900.054776457639,-898.4819849412278,899.7290602291328,-899.8336862066287
3.840000000000003,nan,nan,nan,2.7504103492313607,2.1960810684963263,0.0,nan,nan,nan,-9.272960009287862,-1.4370405691246415,0.0,-900.0788096258492,-898.4554658610892,899.9340113619465,-899.9082777915725
3.900000000000003,nan,nan,nan,2.405649175499084,2.109548171143812,0.0,nan,nan,nan,-8.209960582761337,-1.4551367308183407,0.0,-900.122793898453,-898.2617175902687,899.7595975467756,-899.8667591212605
3.960000000000003,nan,nan,nan,2.0531379251532513,2.0219178020425126,0.0,nan,nan,nan,-7.355348104067761,-1.4740657065276783,0.0,-899.996823008174,-898.0727631563991,899.32039026478,-900.000408874456
4.020000000000002,nan,nan,nan,1.7061432315741865,1.933130582913515,0.0,nan,nan,nan,-6.663972184043037,-1.4945427510979534,0.0,-899.9652003767446,-897.9472425047354,899.3381589689811,-899.8997586510825
4.080000000000001,nan,nan,nan,1.368230981769293,1.8431016334397299,0.0,nan,nan,nan,-6.114192826846358,-1.5160098148809935,0.0,-899.8817368239479,-897.7897549868392,900.1852374781919,-899.7408601720138
4.14,nan,nan,nan,1.0470420682554593,1.7517669682589698,0.0,nan,nan,nan,-5.649672244577711,-1.5388550703495452,0.0,-899.8581674305332,-897.6742145122716,900.1578378989606,-899.7625094864875
4.199999999999998,nan,nan,nan,0.744224283927843,1.659199960529877,0.0,nan,nan,nan,-5.242069351617601,-1.551948045809837,0.0,-899.8183240299653,-897.9973357225703,899.9003826546849,-899.9613771803728
4.259999999999997,nan,nan,nan,0.45744795046066233,1.5658376179695832,0.0,nan,nan,nan,-4.891463267209444,-1.565660391003808,0.0,-899.7458924635212,-897.8772669086161,899.7589305225243,-899.7457757402738
4.319999999999996,nan,nan,nan,0.18727119805582593,1.4716517939173457,0.0,nan,nan,nan,-4.5743246037191225,-1.5794187457890867,0.0,-899.6430054962725,-897.7490098467068,899.2807940673911,-899.7309780096916
4.379999999999995,nan,nan,nan,6.213539678366577,1.3766615013251586,0.0,nan,nan,nan,-4.3058430431055985,-1.5918465957174264,0.0,-899.6668212351735,-897.8040745976322,899.5229255189793,-899.5107555704182
4.439999999999993,nan,nan,nan,5.9694668014108,1.281100665146882,0.0,nan,nan,nan,-4.068384499950198,-1.5943778854371427,0.0,-899.4852827176707,-898.0079427037037,899.6554295793619,-899.6030116422996
4.499999999999992,nan,nan,nan,5.737647496001191,1.1853623598994298,0.0,nan,nan,nan,-3.8515588282059725,-1.5982473168071063,0.0,-899.7478538981344,-898.211534364797,899.466543706095,-899.6040826984776
4.559999999999991,nan,nan,nan,5.516730521087048,1.0895051432917953,0.0,nan,nan,nan,-3.6583801557246622,-1.5964118307082895,0.0,-899.5726825512445,-898.2640214890712,899.5300314019954,-899.5896365610834
4.6199999999999894,nan,nan,nan,5.306157152800946,0.99370290160347,0.0,nan,nan,nan,-3.480284134485006,-1.5972864382873568,0.0,-899.4900942286387,-898.0730158651193,899.6006238048794,-899.8012547591793
4.679999999999988,nan,nan,nan,5.105524270278682,0.8976700485013112,0.0,nan,nan,nan,-3.311660584255922,-1.6079083132880392,0.0,-899.5961581915358,-897.7767097027775,899.5060726255133,-899.9877903769077
4.739999999999987,nan,nan,nan,4.913094384041095,0.8008449830790116,0.0,nan,nan,nan,-3.1694949133118846,-1.62890952977793,0.0,-899.6293472177224,-897.3641745655498,899.8367726777835,-899.8254725907108
4.799999999999986,nan,nan,nan,4.728472751701688,0.7027487728835089,0.0,nan,nan,nan,-3.0382293976110546,-1.6507548003310233,0.0,-899.7125021481102,-897.3757209337965,899.7055226847392,-899.7318384438793
4.859999999999984,nan,nan,nan,4.551126134664955,0.6034043987648641,0.0,nan,nan,nan,-2.9165373772339724,-1.6680231392659817,0.0,-899.3923941675916,-897.2042902971452,899.8653914392336,-899.9284229369761
4.919999999999983,nan,nan,nan,4.381140527927567,0.5031497138354055,0.0,nan,nan,nan,-2.7938404075975476,-1.677314503598468,0.0,-898.9498563449271,-897.0582402041282,899.6834499480638,-900.1748749293957
4.979999999999982,nan,nan,nan,4.218446056029016,0.4025386517574532,0.0,nan,nan,nan,-2.6722695430014656,-1.675953211856291,0.0,-898.8795852983345,-897.4098775440195,899.5661673122528,-900.3844531023773
5.0399999999999805,nan,nan,nan,4.062554311708656,0.30200754992644097,0.0,nan,nan,nan,-2.5589309184603057,-1.6746751073584591,0.0,-898.8658634808963,-897.3951831816245,899.6316954026694,-900.463053920584
5.099999999999979,nan,nan,nan,3.9131233534216303,0.20163729987435364,0.0,nan,nan,nan,-2.4515095293063975,-1.6694428756856479,0.0,-898.7303879471737,-897.4247110352063,899.5515988229931,-900.4542336018968
5.159999999999978,nan,nan,nan,3.7694574435294257,0.10145093578282172,0.0,nan,nan,nan,-2.356655904625472,-1.6704307085215293,0.0,-899.0808757101001,-897.5290384932385,899.6843712520036,-900.3544070711146
5.219999999999977,nan,nan,nan,3.6308200519956664,0.0011707714192334961,0.0,nan,nan,nan,-2.2751181089484565,-1.6731823664312377,0.0,-899.1528442600238,-897.5266937749998,899.7856159674614,-900.1490826008535
5.279999999999975,nan,nan,nan,3.4965261558422913,6.183725442445397,0.0,nan,nan,nan,-2.205637991516948,-1.6865145845816014,0.0,-899.2582166097895,-897.191379216878,900.047480682654,-900.1150786462493
5.339999999999974,nan,nan,nan,3.366417998886556,6.082132161625003,0.0,nan,nan,nan,-2.1357547916651325,-1.711642281835154,0.0,-899.657637561824,-897.0812829879706,899.6698566605763,-899.9208476408369
5.399999999999973,nan,nan,nan,3.2401884906347718,5.979028616272609,0.0,nan,nan,nan,-2.073285966631508,-1.7369842356793643,0.0,-899.3778199107935,-896.7452134334302,899.8958318579919,-900.003439677762
5.4599999999999715,nan,nan,nan,3.1175704170918,5.874346647798834,0.0,nan,nan,nan,-2.0141795198917283,-1.7676436535939852,0.0,-899.7236758073897,-896.8250699899168,899.849204204218,-899.9591057452271
5.51999999999997,nan,nan,nan,2.998170952095247,5.767802989289454,0.0,nan,nan,nan,-1.9635696375298286,-1.8005933905390332,0.0,-899.9063193199479,-896.8551108886912,899.9261885342855,-899.815543132466
5.579999999999969,nan,nan,nan,2.881846704691176,5.659291899848739,0.0,nan,nan,nan,-1.9119152169265416,-1.8325135227637854,0.0,-900.0767951559229,-897.0044119028084,899.8592316251878,-899.8996183401235
5.639999999999968,nan,nan,nan,2.7684397397668725,5.548965186482786,0.0,nan,nan,nan,-1.8652213788615497,-1.855434867329143,0.0,-900.1441909584512,-897.3800661840655,899.988993466742,-899.9325792741281
5.699999999999966,nan,nan,nan,2.6577172928202213,5.4375207156827425,0.0,nan,nan,nan,-1.821843751855356,-1.861602167412364,0.0,-899.5734577186143,-897.4530590672088,899.7578907823556,-899.6596719950278
5.759999999999965,nan,nan,nan,2.5493731243574516,5.325920039772978,0.0,nan,nan,nan,-1.7851444679056878,-1.8570526931516653,0.0,-899.4768553619622,-897.7859189117106,900.0185864912345,-899.7315908938674
5.819999999999964,nan,nan,nan,2.443078114503967,5.214579428247209,0.0,nan,nan,nan,-1.7532689385942197,-1.8530994193844728,0.0,-899.4400388159559,-897.7336130494253,900.2873018245019,-899.8732203307941
5.879999999999963,nan,nan,nan,2.3393461552926205,5.103585328813251,0.0,nan,nan,nan,-1.702268963376993,-1.8442560247767927,0.0,-899.6326919603197,-898.1362086114981,900.0122947429224,-900.4446949198912
5.939999999999961,nan,nan,nan,2.238395995129098,4.993269104513693,0.0,nan,nan,nan,-1.6590066494241489,-1.8293225209481445,0.0,-899.5705120548326,-898.3426548993585,899.9152126361118,-900.1242948082955
5.99999999999996,nan,nan,nan,2.14024845581738,4.883995736167812,0.0,nan,nan,nan,-1.6099246495103783,-1.8087688965380233,0.0,-899.5638718191782,-898.5972145796021,899.6474151988058,-900.1735299822814
6.059999999999959,nan,nan,nan,2.044887171483847,4.77561079932571,0.0,nan,nan,nan,-1.5652645990246006,-1.8021462933865178,0.0,-899.9497967134298,-898.4502154744562,899.6590485384646,-900.0896262222021
6.1199999999999575,nan,nan,nan,1.9521784618966471,4.667457597675222,0.0,nan,nan,nan,-1.5213710562976084,-1.8033667282909476,0.0,-899.748531722516,-897.9383518944568,900.1395533407217,-900.6144349707105
6.179999999999956,nan,nan,nan,1.8617616362260652,4.559155278172156,0.0,nan,nan,nan,-1.4877971246087898,-1.8085504107655896,0.0,-899.6119473477008,-897.6357016602653,900.3099136306155,-900.4343250850857
6.239999999999955,nan,nan,nan,1.7734398600037675,4.450607779556044,0.0,nan,nan,nan,-1.4516831724786023,-1.8102802981854353,0.0,-899.580214954081,-897.7361428187434,900.010963943654,-900.2937852848889
6.299999999999954,nan,nan,nan,1.687109257783594,4.341915522454396,0.0,nan,nan,nan,-1.4211808971742166,-1.814134217192957,0.0,-899.6094795171624,-897.6744920681307,900.1568526724169,-900.2666571845352
6.359999999999952,nan,nan,nan,1.602821405234252,4.232879779165884,0.0,nan,nan,nan,-1.3839174278927284,-1.8242635943958576,0.0,-899.8467027637404,-897.6458967267002,900.1393669513487,-900.5731603160654
6.419999999999951,nan,nan,nan,1.5206723327506841,4.123419193664764,0.0,nan,nan,nan,-1.349673105090539,-1.8244999677941582,0.0,-899.7514779737064,-897.9383563978347,900.3308436236728,-900.6969881226464
6.47999999999995,nan,nan,nan,1.4406951427495347,4.013955752362067,0.0,nan,nan,nan,-1.3117818890104105,-1.824176537432039,0.0,-899.7604931874129,-897.9700001797972,900.098526822977,-900.6642127117269
6.5399999999999485,nan,nan,nan,1.3631609332515833,3.9045070353439186,0.0,nan,nan,nan,-1.2688445663722283,-1.8240838607103433,0.0,-899.6892004008719,-897.8896917588968,899.7559205557112,-900.582305980467
6.599999999999947,nan,nan,nan,1.2882614417148481,3.795159327596556,0.0,nan,nan,nan,-1.2242176553708308,-1.8194474688882865,0.0,-899.652994365235,-898.0409131946468,899.7469537495475,-900.7016847276028
6.659999999999946,nan,nan,nan,1.2158033499496081,3.686061212011511,0.0,nan,nan,nan,-1.1865602235051873,-1.8161381781831454,0.0,-899.7465529178733,-898.0890957472451,899.79364132932,-900.5228921699048
6.719999999999945,nan,nan,nan,1.1458203569244452,3.5770490258327854,0.0,nan,nan,nan,-1.1425094254366939,-1.818349637266623,0.0,-899.8259937403567,-897.947651403703,899.7891811148872,-900.8282374039055
6.779999999999943,nan,nan,nan,1.0786349516403124,3.4680551228741177,0.0,nan,nan,nan,-1.0941040748602069,-1.8132665599053064,0.0,-899.7235526522568,-898.1413255812114,899.685283073005,-900.9570375925636
6.839999999999942,nan,nan,nan,1.0140313739965148,3.359226358672661,0.0,nan,nan,nan,-1.0549799452155735,-1.8149097348715202,0.0,-899.9674298666939,-898.1184600081784,899.839922272921,-900.7903496615061
6.899999999999941,nan,nan,nan,0.9513722216317033,3.2501925444720783,0.0,nan,nan,nan,-1.02885076274458,-1.822239171187628,0.0,-900.1298178457847,-898.0435969234248,899.9941924910433,-900.4590289309236
6.95999999999994,nan,nan,nan,0.8901725539746188,3.140642360958571,0.0,nan,nan,nan,-1.0065590461123206,-1.8340675080869109,0.0,-900.058078775183,-897.7717169353791,899.9148249429227,-900.252261914971
7.019999999999938,nan,nan,nan,0.8301022435761922,3.030565971912935,0.0,nan,nan,nan,-0.9922012743135322,-1.8356885150037243,0.0,-899.7425520338425,-897.8528636752645,899.8288943606682,-899.8668147167056
7.079999999999937,nan,nan,nan,0.7708219003146617,2.9202097495781594,0.0,nan,nan,nan,-0.98077089888753,-1.8474590780650482,0.0,-900.0672156494194,-897.7565095842434,899.7627267973888,-899.696568590654
7.139999999999936,nan,nan,nan,0.7121703568271274,2.809185712758765,0.0,nan,nan,nan,-0.971764018143976,-1.8569256202296496,0.0,-900.0951345010233,-897.8559535336899,899.972073408404,-899.8191465578166
7.1999999999999345,nan,nan,nan,0.6543518008018667,2.6975900310148013,0.0,nan,nan,nan,-0.9510831947518958,-1.866605975974564,0.0,-900.2301313079719,-897.9634151310418,899.6526180915605,-899.9857498062172
7.259999999999933,nan,nan,nan,0.5977973536263779,2.5853576006243717,0.0,nan,nan,nan,-0.9295437406769751,-1.8796896256683209,0.0,-900.2439719211673,-897.8173295358539,899.6241449283324,-900.0136917790512
7.319999999999932,nan,nan,nan,0.5424981695973354,2.472595034807954,0.0,nan,nan,nan,-0.909373341110087,-1.8787665402060136,0.0,-899.8834394483574,-898.0070500435851,899.7389185198356,-900.0943164987385
7.379999999999931,nan,nan,nan,0.48875473393380897,2.3597527210100875,0.0,nan,nan,nan,-0.8772155970031297,-1.884819772108322,0.0,-900.0355483278759,-897.8736304892967,899.6614173516143,-900.5255954362003
7.439999999999929,nan,nan,nan,0.43689238501168504,2.2466555765695073,0.0,nan,nan,nan,-0.8466368970946706,-1.8852145164544218,0.0,-899.8877378677586,-897.9465274507586,899.7139824837101,-900.5444565266902
7.499999999999928,nan,nan,nan,0.3870139737128122,2.1335969307281637,0.0,nan,nan,nan,-0.8112554391130309,-1.8825902984323493,0.0,-899.8442482483971,-898.0266611213996,899.3978281552344,-900.4524900095029
7.559999999999927,nan,nan,nan,0.3388172749931906,2.0204208224079014,0.0,nan,nan,nan,-0.7908811959903441,-1.8947125330498003,0.0,-900.1138124041701,-897.693894158378,899.70046808161,-900.1747456212123
7.6199999999999255,nan,nan,nan,0.2917252946593676,1.9066030177441498,0.0,nan,nan,nan,-0.7750101472208809,-1.9018036382294747,0.0,-900.2667088603852,-898.0298667656216,899.7087827058103,-900.0170857796369
7.679999999999924,nan,nan,nan,0.2458129158291209,1.7923835934053667,0.0,nan,nan,nan,-0.7506538003932595,-1.9075757664029247,0.0,-900.3677104303001,-898.1709048090192,899.6383603929631,-900.3057154502989
7.739999999999923,nan,nan,nan,0.20142403935121056,1.6779567897530239,0.0,nan,nan,nan,-0.7241205491343526,-1.9062194879581562,0.0,-900.1895368879754,-898.2743958964368,899.7098742408081,-900.4856918323673
7.799999999999922,nan,nan,nan,0.15870878658294885,1.563549912275814,0.0,nan,nan,nan,-0.6948071974453498,-1.9079093836592627,0.0,-900.1827620991355,-898.144773229457,899.709044768622,-900.6189168742928
7.85999999999992,nan,nan,nan,0.11802511923978454,1.4489319774204912,0.0,nan,nan,nan,-0.6567766292826756,-1.9154675553934315,0.0,-900.205706383918,-897.9221863747686,899.7948384967054,-901.0813385246882
7.919999999999919,nan,nan,nan,0.07926764870128356,1.3338852649543558,0.0,nan,nan,nan,-0.6302753875091122,-1.9216478260458327,0.0,-900.0806114787441,-897.8379367449454,900.0800278468157,-900.9247553579361
7.979999999999918,nan,nan,nan,0.04180443956205249,1.2185983135680898,0.0,nan,nan,nan,-0.6146915779220533,-1.9210615359928718,0.0,-900.0780668385036,-898.1017075396995,900.2304236685167,-900.6493855736469
8.039999999999917,nan,nan,nan,0.00512922832630025,1.1033091328108426,0.0,nan,nan,nan,-0.6051679593989973,-1.9223348110865182,0.0,-899.9260913613437,-897.8738874156109,900.3308913897631,-900.5138152202529
8.099999999999916,nan,nan,nan,6.251907729085884,0.9879785792860201,0.0,nan,nan,nan,-0.6101969753634519,-1.921865301969059,0.0,-899.8622382188242,-897.8791524794323,900.7932535472116,-900.3907048310866
8.159999999999915,nan,nan,nan,6.2152109691112685,0.8725873890001079,0.0,nan,nan,nan,-0.6145887725799197,-1.9259191429444498,0.0,-899.8350601521179,-897.6662098963554,900.806030839078,-900.4260878460376
8.219999999999914,nan,nan,nan,6.178317831909489,0.7569810892793525,0.0,nan,nan,nan,-0.6154826980934242,-1.9285024829666424,0.0,-899.9095199284046,-897.793072048476,900.616921694194,-900.3762605205814
8.279999999999912,nan,nan,nan,6.141819535857383,0.6414154688558504,0.0,nan,nan,nan,-0.5968958748129569,-1.9217358373241504,0.0,-899.4792080539236,-897.7423278901482,900.2923153837717,-900.843204598394
8.339999999999911,nan,nan,nan,6.106211385836151,0.5265283734405317,0.0,nan,nan,nan,-0.5874006853691303,-1.903777414554547,0.0,-899.4234259295425,-898.1623318835894,900.4320175980931,-900.6253643787787
8.39999999999991,nan,nan,nan,6.071145728928293,0.41253516796082934,0.0,nan,nan,nan,-0.5790864995183906,-1.8931650347511773,0.0,-899.4637273864456,-897.9368302223315,900.2596720358562,-900.411088837283
8.459999999999908,nan,nan,nan,6.036573463494452,0.29930288574830577,0.0,nan,nan,nan,-0.5710114110727444,-1.877505228373162,0.0,-899.4561934781873,-898.1592741436672,900.2267608418914,-900.3736835074423
8.519999999999907,nan,nan,nan,6.002448464674533,0.1870129812893211,0.0,nan,nan,nan,-0.5645922638634515,-1.8617347073339436,0.0,-899.5883031695189,-898.3280649640852,900.4436509257309,-900.5282292725634
8.579999999999906,nan,nan,nan,5.9685760330006286,0.07569148994865937,0.0,nan,nan,nan,-0.564437774576316,-1.845097346337104,0.0,-899.4784116673962,-898.2856370672699,900.5130514683567,-900.3468995137434
8.639999999999905,nan,nan,nan,5.934748988000756,6.248348314976616,0.0,nan,nan,nan,-0.5625140052308414,-1.8368825729693028,0.0,-899.6659155872322,-898.1595969737311,900.4169919850689,-900.3228515853174
8.699999999999903,nan,nan,nan,5.90100214372681,6.138226920284723,0.0,nan,nan,nan,-0.5623151989208105,-1.8325118835284964,0.0,-899.943059590109,-898.2951647181962,900.3238706661997,-900.1607532250346
8.759999999999902,nan,nan,nan,5.8671523230202105,6.028292124444146,0.0,nan,nan,nan,-0.5681221199599021,-1.8317297126123504,0.0,-899.7977864826269,-898.0103887989272,900.3111412274912,-899.9038923762406
8.8199999999999,nan,nan,nan,5.83297828671831,5.918258532727791,0.0,nan,nan,nan,-0.5726102008276513,-1.8385309519958626,0.0,-899.9870090341738,-897.8889167420215,900.3115144889614,-899.9543464401685
8.8799999999999,nan,nan,nan,5.798579189492838,5.807940672399077,0.0,nan,nan,nan,-0.5747658178097815,-1.8388285713010684,0.0,-899.7181722218746,-897.8741081346853,899.9756492042542,-899.7104759893625
8.939999999999898,nan,nan,nan,5.763975884089376,5.697669674682777,0.0,nan,nan,nan,-0.5809289939073039,-1.8359911016888883,0.0,-899.8338041311357,-898.118631651985,900.0101784347763,-899.5806040923615
8.999999999999897,nan,nan,nan,5.729085395729447,5.587405017786285,0.0,nan,nan,nan,-0.5826860691202796,-1.8414379278872028,0.0,-900.1838276735749,-898.1335424828551,899.9501852685783,-899.6960200604863
9.059999999999896,nan,nan,nan,5.694004156062654,5.47700590640256,0.0,nan,nan,nan,-0.5890000677401679,-1.8372704298537834,0.0,-899.9974990025521,-898.3322520583089,900.2409019544983,-899.800321023026
9.119999999999894,nan,nan,nan,5.658464792762274,5.366791394527565,0.0,nan,nan,nan,-0.5999238785457204,-1.836205898176168,0.0,-900.0705998147665,-898.2859149906262,900.2353975361252,-899.6031971251678
9.179999999999893,nan,nan,nan,5.622271815848144,5.2567799528746235,0.0,nan,nan,nan,-0.610736483861695,-1.8287108632405995,0.0,-899.7528455255547,-898.2347307038706,900.261474902436,-899.6267440603655
9.239999999999892,nan,nan,nan,5.5854812464006685,5.147302389643091,0.0,nan,nan,nan,-0.6185336413848037,-1.8176057623918338,0.0,-899.6755570865737,-898.3209651423948,900.354331256525,-899.8352649325294
9.29999999999989,nan,nan,nan,5.548217781104231,5.038173271554781,0.0,nan,nan,nan,-0.6266211053868863,-1.821318820111818,0.0,-899.9672038300073,-898.024368706019,900.5710193429184,-900.035056232394
9.35999999999989,nan,nan,nan,5.510190197460723,4.928812252801398,0.0,nan,nan,nan,-0.6545155234143424,-1.8255141737121452,0.0,-899.9918216369955,-898.0218252241815,900.894873950194,-899.5475012464457
9.419999999999888,nan,nan,nan,5.470597058945353,4.81913045071618,0.0,nan,nan,nan,-0.6735794498155645,-1.8335066146823025,0.0,-900.0882420620917,-897.9536225768047,900.7882398594606,-899.7807062452354
9.479999999999887,nan,nan,nan,5.429889915916604,4.709140173893164,0.0,nan,nan,nan,-0.6905216981856249,-1.8325195754661099,0.0,-899.7947368014393,-898.0138013410083,900.770321163978,-899.8353315680087
9.539999999999885,nan,nan,nan,5.388246611287062,4.599306162014649,0.0,nan,nan,nan,-0.7022123958878775,-1.8269781746612233,0.0,-899.6368702434401,-898.0453522847185,900.6400367019197,-899.9061844668828
9.599999999999884,nan,nan,nan,5.346067422799228,4.4897251280653805,0.0,nan,nan,nan,-0.7045711094564521,-1.825143484081888,0.0,-899.7202133217301,-897.987035401104,900.1387081178507,-899.7757753749174
9.659999999999883,nan,nan,nan,5.303988169395442,4.380019660502695,0.0,nan,nan,nan,-0.6955381997934821,-1.835819371480196,0.0,-900.3078154202265,-898.0638401117643,900.19492829414,-900.294068283428
9.719999999999882,nan,nan,nan,5.262283472351619,4.269719424733278,0.0,nan,nan,nan,-0.6941794686950771,-1.8438181859716507,0.0,-900.2251621035954,-898.0701114180293,900.2988677435372,-900.0924209885317
9.77999999999988,nan,nan,nan,5.22057157969139,4.159082390449251,0.0,nan,nan,nan,-0.6973041067235743,-1.8442122816101119,0.0,-900.0546358596341,-898.1967271802642,900.4040686599757,-900.0161338996912
9.839999999999879,nan,nan,nan,5.178674361667657,4.048874848661544,0.0,nan,nan,nan,-0.700315732634735,-1.8251809478577916,0.0,-899.7503244231378,-898.6916289842962,900.7187311369028,-900.3331763486325
9.899999999999878,nan,nan,nan,5.136717610200336,3.939604106930931,0.0,nan,nan,nan,-0.6972947588017278,-1.8142838670514647,0.0,-899.7780049547064,-898.4219746911667,900.4986988766897,-900.3563544035998
9.959999999999877,nan,nan,nan,5.095094508638461,3.831198647952748,0.0,nan,nan,nan,-0.6874191718999857,-1.795010171324433,0.0,-899.5067377805287,-898.5168861979365,900.1448512665371,-900.2837931871749
10.019999999999875,nan,nan,nan,5.054257083333816,3.7237185064822107,0.0,nan,nan,nan,-0.6697164636009606,-1.7849400411319156,0.0,-899.4374023384655,-898.1058980147209,900.0592675533718,-900.5241213453772
10.079999999999874,nan,nan,nan,5.014369519428177,3.6167281676777048,0.0,nan,nan,nan,-0.65646190111517,-1.7799022169400898,0.0,-899.8765896486831,-898.3579784716547,900.0679933115188,-900.3647483457402
10.139999999999873,nan,nan,nan,4.975553490964394,3.5099036808903623,0.0,nan,nan,nan,-0.6326820150554799,-1.7814229588895398,0.0,-899.989262483931,-898.2104145844669,899.7741673500611,-900.5087144681108
10.199999999999871,nan,nan,nan,4.938183227379797,3.4030018209338717,0.0,nan,nan,nan,-0.6082248849905345,-1.782243933814835,0.0,-899.8536892687456,-898.1004678678369,899.8830229302959,-900.66139289736
10.25999999999987,nan,nan,nan,4.902323429747451,3.2960815184494088,0.0,nan,nan,nan,-0.5822538205832012,-1.781538926481502,0.0,-899.8425001780082,-898.1505443660395,900.102577377636,-900.9584751044929
10.319999999999869,nan,nan,nan,4.867868611784484,3.18916149059965,0.0,nan,nan,nan,-0.5617923968373684,-1.7829247503491186,0.0,-899.9633634648552,-898.1868608822006,900.1424459614897,-900.7909078306377
10.379999999999868,nan,nan,nan,4.834556023828952,3.0819832136725935,0.0,nan,nan,nan,-0.5445726854912821,-1.7939614472037007,0.0,-899.9652643105192,-897.7883719065245,900.1918389932963,-900.7210575302398
10.439999999999866,nan,nan,nan,4.802080838142956,2.974249126051822,0.0,nan,nan,nan,-0.5353521578037023,-1.7989340803547176,0.0,-899.6610166628057,-897.7119557709053,900.2892809333825,-900.5036213500857
10.499999999999865,nan,nan,nan,4.770040416405626,2.8661470384763916,0.0,nan,nan,nan,-0.5314556919174704,-1.8077949535736628,0.0,-900.0360634044023,-897.9178608820838,900.429692202794,-900.433012422291
10.559999999999864,nan,nan,nan,4.738218879872122,2.757352053487214,0.0,nan,nan,nan,-0.528260611947385,-1.8270357913491346,0.0,-900.3257372691704,-897.7629809183395,900.3071984078015,-900.2842547880681
10.619999999999862,nan,nan,nan,4.706623919270898,2.6474762066637574,0.0,nan,nan,nan,-0.5234359274867575,-1.8412483482355857,0.0,-900.0867258088176,-897.692596250261,900.3060685798582,-900.3511844307181
10.679999999999861,nan,nan,nan,4.675212133186573,2.536816477473657,0.0,nan,nan,nan,-0.5237172312631632,-1.8512061465088638,0.0,-899.7545455752652,-897.5067031724546,900.363829278603,-900.2041628304709
10.73999999999986,nan,nan,nan,4.643872843120066,2.4254747433112556,0.0,nan,nan,nan,-0.5196785373224998,-1.8664389491229665,0.0,-899.7920725988656,-897.3066711984271,900.2152381755266,-900.230990690727
10.799999999999859,nan,nan,nan,4.613110180244078,2.313478205965037,0.0,nan,nan,nan,-0.5015655388118717,-1.866945440661572,0.0,-899.4801854587942,-897.5709035203091,899.8950192456798,-900.4850801587312
10.859999999999857,nan,nan,nan,4.583495102874471,2.201502513950711,0.0,nan,nan,nan,-0.481154683610331,-1.864949260785945,0.0,-899.5215347004993,-897.7145614265665,899.6968138674963,-900.3902522277683
10.919999999999856,nan,nan,nan,4.554807096402548,2.089640625970185,0.0,nan,nan,nan,-0.472709385384202,-1.8632393540509793,0.0,-899.3756132080456,-897.5605761789288,899.9110379750945,-900.1289559296825
10.979999999999855,nan,nan,nan,4.526290111721044,1.977696385450539,0.0,nan,nan,nan,-0.4809766147933918,-1.8711686901134919,0.0,-899.5794507328623,-897.3705836068237,900.0573911655852,-899.6004040955919
11.039999999999853,nan,nan,nan,4.497534906210316,1.865313179042996,0.0,nan,nan,nan,-0.47602546704228677,-1.877044756045067,0.0,-899.7423544056478,-897.6025183105692,899.6291645689776,-899.7052080000218
11.099999999999852,nan,nan,nan,4.468968088572566,1.7526062922527057,0.0,nan,nan,nan,-0.4762897803906255,-1.8813615394548735,0.0,-899.4159263531013,-897.3277047458361,899.7158259438021,-899.5823970145527
11.159999999999851,nan,nan,nan,4.440375015412609,1.6397857527834754,0.0,nan,nan,nan,-0.4770770272115114,-1.8784097849554178,0.0,-899.5736901727851,-897.7769376897645,899.7471266686802,-899.5923051939783
11.21999999999985,nan,nan,nan,4.411764466035805,1.5269755304562942,0.0,nan,nan,nan,-0.47637945095453915,-1.8838792425359454,0.0,-899.7033027918279,-897.5654024984043,899.7530299440891,-899.6581698657369
11.279999999999848,nan,nan,nan,4.383001754691508,1.4137452255748268,0.0,nan,nan,nan,-0.48614320292783764,-1.8945921167478743,0.0,-899.8031226789151,-897.437897339313,900.0859049776716,-899.5661884015283
11.339999999999847,nan,nan,nan,4.353540326271268,1.30004478221103,0.0,nan,nan,nan,-0.5031437167868096,-1.8958367075360572,0.0,-899.771346401843,-897.774781876183,900.1965508813638,-899.3774807070537
11.399999999999846,nan,nan,nan,4.323123294688678,1.1863120417420996,0.0,nan,nan,nan,-0.5158767615136731,-1.8949794739122254,0.0,-899.7336204284748,-897.8211337321751,900.0388474769602,-899.3840339103594
11.459999999999845,nan,nan,nan,4.291869400250437,1.0726603518612077,0.0,nan,nan,nan,-0.5334642214077038,-1.8926949851707253,0.0,-899.7810227406756,-897.9292795609625,900.1504250705957,-899.2911110680178
11.519999999999843,nan,nan,nan,4.259545723580992,0.9590674025418604,0.0,nan,nan,nan,-0.5520850042942967,-1.8942601513956883,0.0,-899.7831917598895,-897.7773258743595,900.2500038440353,-899.3386295779808
11.579999999999842,nan,nan,nan,4.226375437639614,0.8451658218326825,0.0,nan,nan,nan,-0.5543806430920567,-1.9079691204840672,0.0,-900.1640055354868,-897.6547775920155,900.1047966143356,-899.8464777940326
11.63999999999984,nan,nan,nan,4.19318348721335,0.7304082161147667,0.0,nan,nan,nan,-0.5509458732297715,-1.923866056118327,0.0,-900.2652382791267,-897.6376409270149,899.9800909220713,-899.9534408510419
11.69999999999984,nan,nan,nan,4.160216889319468,0.614870554520496,0.0,nan,nan,nan,-0.5466090816445485,-1.9293373054998706,0.0,-899.9914956016672,-897.7603480210012,899.9832735979054,-899.9953559610366
11.759999999999838,nan,nan,nan,4.1274139889786845,0.499016327716868,0.0,nan,nan,nan,-0.546926659688057,-1.934175848484535,0.0,-899.9095601006347,-897.6928757571078,899.9863335679917,-899.8116999916648
11.819999999999837,nan,nan,nan,4.094800371350818,0.3827336236232739,0.0,nan,nan,nan,-0.5375850552964352,-1.947006551822872,0.0,-900.1350750889625,-897.578899295071,899.6954769546942,-899.9134998020792
11.879999999999836,nan,nan,nan,4.062568062013675,0.26558186094546876,0.0,nan,nan,nan,-0.5364595160578046,-1.966520335327542,0.0,-900.4719856450803,-897.6137918513854,900.1934083135333,-900.082786010603
11.939999999999834,nan,nan,nan,4.030522234041564,0.14730819237929005,0.0,nan,nan,nan,-0.5297669303818195,-1.982610355010823,0.0,-900.5606429391804,-897.8025284634981,900.0962715168555,-900.2126219109085
11.999999999999833,nan,nan,nan,3.9992756447527604,0.02823096013229076,0.0,nan,nan,nan,-0.5071345993191323,-1.9888953429320664,0.0,-900.2715074331228,-897.8828636240227,899.7196373588295,-900.48780072605
12.059999999999832,nan,nan,nan,3.9692323621693184,6.192140081466359,0.0,nan,nan,nan,-0.4903054191802321,-1.9861161205507898,0.0,-899.9972669759505,-897.9686393508728,899.9089512251348,-900.4537324691518
12.11999999999983,nan,nan,nan,3.940009606513817,6.073129667806498,0.0,nan,nan,nan,-0.4812383668935792,-1.9788190648369577,0.0,-899.7997616268981,-897.9632124922438,900.091427393005,-900.3297809056919
12.17999999999983,nan,nan,nan,3.911176274915089,5.954736659431102,0.0,nan,nan,nan,-0.47922923629407693,-1.964014391206457,0.0,-899.5358728990285,-898.0244100789075,899.985345980645,-899.941660113735
12.239999999999828,nan,nan,nan,3.8824460802510377,5.837363748836639,0.0,nan,nan,nan,-0.47806585780256095,-1.9441416947383505,0.0,-899.2813044852788,-898.0101884912849,900.0057839168354,-899.928768837574
12.299999999999827,nan,nan,nan,3.8537075109563457,5.7207519404593565,0.0,nan,nan,nan,-0.4808535564885121,-1.9423544791050498,0.0,-899.654014642488,-897.6791213549961,899.9830601245964,-899.7460437676793
12.359999999999825,nan,nan,nan,3.824801994144499,5.6043478837157,0.0,nan,nan,nan,-0.4836247724266017,-1.935914477493531,0.0,-899.7459774131295,-897.9670849439607,900.0521931887135,-899.8144152209427
12.419999999999824,nan,nan,nan,3.7959287647241986,5.488225912728225,0.0,nan,nan,nan,-0.4768175960901496,-1.9343096816089853,0.0,-899.9682112369244,-898.003790674033,899.9797208573192,-900.1297790567772
12.479999999999823,nan,nan,nan,3.7673357307976207,5.37226260959865,0.0,nan,nan,nan,-0.47602400515390597,-1.9297701588757337,0.0,-899.7856086572854,-897.9452701054817,900.1157361990937,-900.0249500461622
12.539999999999822,nan,nan,nan,3.738726375664699,5.256666714433898,0.0,nan,nan,nan,-0.47846236790490165,-1.9209972747217658,0.0,-899.8167077180453,-898.1605991196637,900.256163053259,-900.0344713212123
12.59999999999982,nan,nan,nan,3.7098772244567915,5.1419165008905985,0.0,nan,nan,nan,-0.4859825624089991,-1.8995837285477795,0.0,-899.6653810640371,-898.5486266645929,900.3465829192506,-899.917127376398
12.659999999999819,nan,nan,nan,3.680558954588003,5.028566138299249,0.0,nan,nan,nan,-0.49453268318797117,-1.874066874819987,0.0,-899.7130545292413,-898.8096452090251,900.5479345186067,-900.0727738112562
12.719999999999818,nan,nan,nan,3.6507592572322043,4.916674638695568,0.0,nan,nan,nan,-0.5012787915055149,-1.8510961361695883,0.0,-899.5600699154571,-898.6035381044967,900.5974034724197,-900.1910210624399
12.779999999999816,nan,nan,nan,3.6206133514818575,4.806007331993786,0.0,nan,nan,nan,-0.5048322974105534,-1.8338444714490165,0.0,-899.4818596687334,-898.3357601973083,900.4358754460374,-900.1555310856186
12.839999999999815,nan,nan,nan,3.5903270505685327,4.696041756367407,0.0,nan,nan,nan,-0.5046512683197015,-1.830706383871833,0.0,-899.7980307673018,-898.105104499503,900.2310175469994,-900.1004730045418
12.899999999999814,nan,nan,nan,3.5602855173435763,4.586129534369078,0.0,nan,nan,nan,-0.4937896749721445,-1.8342648059120354,0.0,-899.698860073437,-897.7358715898126,900.0717648897745,-900.3753642241518
12.959999999999813,nan,nan,nan,3.5309250048307383,4.475988996648052,0.0,nan,nan,nan,-0.48169963795905546,-1.8386066325314536,0.0,-899.5570412458821,-897.5543472195812,899.8768953086362,-900.2363013013469
13.019999999999811,nan,nan,nan,3.502472723918208,4.365692885712901,0.0,nan,nan,nan,-0.46237992538080686,-1.8376114986897751,0.0,-899.7363859219687,-897.9455117434575,899.8599994625497,-900.5194160835979
13.07999999999981,nan,nan,nan,3.4751131444966177,4.2554417726374165,0.0,nan,nan,nan,-0.44560871886482867,-1.8373363178724014,0.0,-899.8352758744006,-898.0169012836544,899.8452177223735,-900.4108821943703
13.139999999999809,nan,nan,nan,3.448740676244121,4.145250555443035,0.0,nan,nan,nan,-0.429587106385353,-1.8349613745626872,0.0,-899.9644129091246,-898.2333991128346,899.7090955612264,-900.2525396121155
13.199999999999807,nan,nan,nan,3.4234674481383305,4.035097999558921,0.0,nan,nan,nan,-0.40831249612043463,-1.8377387820990954,0.0,-900.32157626109,-898.3836727834536,899.4057922987315,-900.1702677306258
13.259999999999806,nan,nan,nan,3.3993053857518696,3.924812809896263,0.0,nan,nan,nan,-0.3933737409474927,-1.83877948214513,0.0,-900.3031166741417,-898.4312110313285,899.450638108835,-899.9672810036647
13.319999999999805,nan,nan,nan,3.3762131590510585,3.8144632851162275,0.0,nan,nan,nan,-0.37179415621867073,-1.8399155099741404,0.0,-900.242787543498,-898.3647526521904,899.1614244540423,-899.9543422558784
13.379999999999804,nan,nan,nan,3.3544092459144785,3.70385434614702,0.0,nan,nan,nan,-0.3504501127404966,-1.8516303250285557,0.0,-900.1781520266508,-897.8615835499764,899.2083647116721,-900.0004464601266
13.439999999999802,nan,nan,nan,3.333720520496861,3.5926238350768713,0.0,nan,nan,nan,-0.33544355681127447,-1.858591438653233,0.0,-900.0959579123409,-897.9517176650116,899.3672001987297,-899.910093428801
13.499999999999801,nan,nan,nan,3.313672069713512,3.480882030224379,0.0,nan,nan,nan,-0.33166210994848644,-1.8710649049258008,0.0,-900.1616927583871,-897.7762351477268,899.4216572348741,-899.5142944754651
13.5599999999998,nan,nan,nan,3.293903256961853,3.3682692229795936,0.0,nan,nan,nan,-0.32545017482501315,-1.891891272348402,0.0,-900.4791046913535,-897.724652084028,899.5972639408036,-899.7899145646184
13.619999999999798,nan,nan,nan,3.2748099435539437,3.254388744979501,0.0,nan,nan,nan,-0.3067233632102852,-1.9140992474645122,0.0,-900.6450914913322,-897.7914671146966,899.2520609390311,-899.9550258673926
13.679999999999797,nan,nan,nan,3.2568427257545522,3.139273259600703,0.0,nan,nan,nan,-0.2879003770049035,-1.929335338906357,0.0,-900.4815794802464,-897.8691395092058,899.3853563274546,-900.098398277459
13.739999999999796,nan,nan,nan,3.239833932704272,3.023299177912447,0.0,nan,nan,nan,-0.27586610095358355,-1.9410395438929842,0.0,-900.1005768053282,-897.6009813144525,899.3089516911875,-899.7525484433814
13.799999999999795,nan,nan,nan,3.2233453643292638,2.906561058008755,0.0,nan,nan,nan,-0.2727805998511131,-1.9566844421663685,0.0,-900.1651155099848,-897.4783582638203,899.3667046015715,-899.4507398371699
13.859999999999793,nan,nan,nan,3.2072176321136734,2.7890270935558235,0.0,nan,nan,nan,-0.2618403465173962,-1.9636521488475,0.0,-900.0502613241132,-897.6883160310521,899.2051228812229,-899.6088997886675
13.919999999999792,nan,nan,nan,3.1920526216534046,2.6711398230385512,0.0,nan,nan,nan,-0.23896509223418866,-1.967118541214561,0.0,-900.1503867353292,-897.9184128616516,899.115644861024,-900.0067695120015
13.97999999999979,nan,nan,nan,3.1780764999367275,2.5529832520864524,0.0,nan,nan,nan,-0.22301746756384502,-1.9738940977189172,0.0,-900.2676614534349,-897.8919843470286,899.5266835799823,-900.1425890784535
14.03999999999979,nan,nan,nan,3.16475054120251,2.434256881921703,0.0,nan,nan,nan,-0.22032688454057744,-1.9906794548220124,0.0,-900.6907542991073,-897.8885260923611,899.958152994393,-900.0403303586512
14.099999999999788,nan,nan,nan,3.1515197246004014,2.314672852951265,0.0,nan,nan,nan,-0.2208889562860673,-1.9982271496293817,0.0,-900.8046768735171,-898.3479387169696,900.1152179047045,-900.0661610946765
14.159999999999787,nan,nan,nan,3.1382984431434924,2.1945327286231624,0.0,nan,nan,nan,-0.21930903309402877,-2.0119585873472046,0.0,-900.7047854519457,-897.9761291169849,900.1260238450474,-900.1636716131829
14.219999999999786,nan,nan,nan,3.1249866346286854,2.0737087934350384,0.0,nan,nan,nan,-0.227523870819038,-2.0174658738203113,0.0,-900.4970318929679,-898.0774496291874,900.5530456464793,-900.1940809747737
14.279999999999784,nan,nan,nan,3.111268387915672,1.95269453947094,0.0,nan,nan,nan,-0.23095821062117403,-2.0158233089634177,0.0,-900.6181178168893,-898.4819629328899,900.2738289319977,-900.106588580236
14.339999999999783,nan,nan,nan,3.0973685632644194,1.831741952390459,0.0,nan,nan,nan,-0.2331104455283359,-2.0159810364319535,0.0,-900.5368575947441,-898.3297888588818,900.013746308507,-899.897598559242
14.399999999999782,nan,nan,nan,3.0835035154035193,1.7109855495506991,0.0,nan,nan,nan,-0.2273189782368999,-2.0066897876909047,0.0,-900.2372968397358,-898.4192312941009,899.8834428472784,-900.0888822970725
14.45999999999978,nan,nan,nan,3.0701781778748938,1.590972464878952,0.0,nan,nan,nan,-0.21328806488676136,-1.989842583432272,0.0,-900.026002568424,-898.5395847063221,899.5744444193058,-900.1154873089166
14.51999999999978,nan,nan,nan,3.0578194764679782,1.4717461199175812,0.0,nan,nan,nan,-0.1943659636771785,-1.9822087848979808,0.0,-900.1528601148257,-898.3229062988886,899.4209757373765,-900.1636616165646
14.579999999999778,nan,nan,nan,3.0466677091755088,1.3526751980337677,0.0,nan,nan,nan,-0.17276782267407592,-1.989482993164504,0.0,-900.3679312746336,-897.939568297173,899.469229172792,-900.3243540067984
14.639999999999777,nan,nan,nan,3.036716892782165,1.2333194754103651,0.0,nan,nan,nan,-0.15473340259181936,-1.9888314556931157,0.0,-899.9382201208294,-897.820338170008,899.589444080158,-900.3042160541859
14.699999999999775,nan,nan,nan,3.0277289595040084,1.1139999159063123,0.0,nan,nan,nan,-0.14141903293285396,-1.9883232768440107,0.0,-899.8053078872368,-897.6825980763284,899.6686804338673,-900.1952757413014
14.759999999999774,nan,nan,nan,3.019367880701667,0.9947262118279152,0.0,nan,nan,nan,-0.13551158984563713,-1.9870667884468172,0.0,-899.8315848672154,-897.7409364142892,899.9796430765504,-900.2081477847005
14.819999999999773,nan,nan,nan,3.0112754061959635,0.8754439103004525,0.0,nan,nan,nan,-0.13363150972679425,-1.9900189452795702,0.0,-899.9896423640824,-897.7282856330828,900.121225076961,-900.1874475368871
14.879999999999772,nan,nan,nan,3.00342228099926,0.7558799396486018,0.0,nan,nan,nan,-0.12589770046629553,-1.9986827388101556,0.0,-900.2894143882775,-897.7866049095217,900.1371589540321,-900.4407250469735
14.93999999999977,nan,nan,nan,2.9959685007860717,0.6358255357237024,0.0,nan,nan,nan,-0.12108979675337782,-2.0056787127996154,0.0,-900.3351500263665,-897.8825680198593,900.4264885475066,-900.612578639107
14.999999999999769,nan,nan,nan,2.9886720295854357,0.5153761573077418,0.0,nan,nan,nan,-0.12266346529826111,-2.0113078340906254,0.0,-900.2291236468257,-897.8174881709716,900.3741400841703,-900.3024815571932
15.059999999999768,nan,nan,nan,2.9813297642168965,0.394622327564103,0.0,nan,nan,nan,-0.12179328130636066,-2.0151526227792744,0.0,-900.3204272257622,-897.970446275828,900.3213177212497,-900.3484164300555
15.119999999999767,nan,nan,nan,2.973983022165008,0.27344192313912963,0.0,nan,nan,nan,-0.12378205169686667,-2.030489800539325,0.0,-900.7695843020107,-897.9378804346875,900.2969688843051,-900.2083992644745
15.179999999999765,nan,nan,nan,2.966436130398689,0.1514287293046177,0.0,nan,nan,nan,-0.1301093727252128,-2.0403738084098024,0.0,-900.7655561865122,-898.1253202854086,900.3293615750335,-900.0647954710074
15.239999999999764,nan,nan,nan,2.9586502895058526,0.02879297563406702,0.0,nan,nan,nan,-0.12908287228927068,-2.0520295222831706,0.0,-900.8390631588644,-898.1040171084586,899.9555236543127,-899.9879501094703
15.299999999999763,nan,nan,nan,2.95102936945616,6.188853920336218,0.0,nan,nan,nan,-0.12317552979219962,-2.052157639036157,0.0,-900.3748612497914,-898.0887407448812,899.8651095991181,-900.0954187394516
15.359999999999761,nan,nan,nan,2.943705054674668,6.0659258727491405,0.0,nan,nan,nan,-0.11995352993682809,-2.042913074379047,0.0,-900.1381584081469,-898.2382875411743,899.7975087380477,-899.9198423283372
15.41999999999976,nan,nan,nan,2.936544862161311,5.943388219916589,0.0,nan,nan,nan,-0.11813152325006349,-2.0411058555115487,0.0,-900.1444185001238,-897.9579082677416,900.0043285642937,-900.0703475582814
15.479999999999759,nan,nan,nan,2.9296177670075956,5.820770648166555,0.0,nan,nan,nan,-0.1105730020056417,-2.0491017565819885,0.0,-900.41653677999,-897.8297921019205,899.7265269120492,-900.0251997622127
15.539999999999758,nan,nan,nan,2.9232000001106986,5.6978023353599205,0.0,nan,nan,nan,-0.1005807553909067,-2.0502087319423814,0.0,-900.2935628459065,-897.9733142509617,899.7323763713038,-900.1305306540434
15.599999999999756,nan,nan,nan,2.9175031886979337,5.574996146674412,0.0,nan,nan,nan,-0.08556622764291436,-2.0407532888714126,0.0,-900.1389986627614,-898.2521662950986,899.5111282943666,-900.1138878906028
15.659999999999755,nan,nan,nan,2.912780962100978,5.452909782989931,0.0,nan,nan,nan,-0.0676594546595574,-2.0250568564419296,0.0,-899.9174979056328,-898.3088550052398,899.6614161933169,-900.3825828014687
15.719999999999754,nan,nan,nan,2.9090026716098674,5.331693667376259,0.0,nan,nan,nan,-0.05494710720759631,-2.012220946833839,0.0,-899.99973011473,-898.3076662075721,899.6912156360723,-900.2034874820871
15.779999999999752,nan,nan,nan,2.9059431732690335,5.211173237024944,0.0,nan,nan,nan,-0.04406995802235027,-2.002486708831628,0.0,-899.8575231175975,-898.0651812320825,899.6355435264303,-900.0743450665474
15.839999999999751,nan,nan,nan,2.9034541110923566,5.091139674670487,0.0,nan,nan,nan,-0.036760265437631424,-1.9970194442147178,0.0,-899.7523541190587,-897.8047696363873,899.596340960797,-899.8912829319293
15.89999999999975,nan,nan,nan,2.901284413950968,4.971440027568285,0.0,nan,nan,nan,-0.03499079846296509,-1.9912860558383236,0.0,-899.6989803477512,-897.7741226891973,899.7251048209046,-899.7960197820411
15.959999999999749,nan,nan,nan,2.8992857091036655,4.852131995774929,0.0,nan,nan,nan,-0.030149892415618548,-1.983436642543187,0.0,-899.6386557870893,-897.813443581505,899.7754815107393,-899.9708000792405
16.019999999999747,nan,nan,nan,2.8973680530538903,4.733046834974633,0.0,nan,nan,nan,-0.035852973826105375,-1.9874724801018848,0.0,-899.927235113789,-897.6287907823277,900.1049189632041,-899.8735747696485
16.079999999999746,nan,nan,nan,2.8953211343336243,4.613859808299269,0.0,nan,nan,nan,-0.030849618240844808,-1.9845145381357387,0.0,-899.8756649211207,-897.8572097652582,899.752496506169,-899.954364586652
16.139999999999745,nan,nan,nan,2.89373014780921,4.49488028036556,0.0,nan,nan,nan,-0.01901845274809727,-1.980157376484877,0.0,-899.9439088033789,-897.989742181782,899.6460303597848,-900.1244607038884
16.199999999999743,nan,nan,nan,2.892671271615523,4.37647436640923,0.0,nan,nan,nan,-0.015039271691450792,-1.9627213584353198,0.0,-899.747753318289,-898.3423627530502,899.904889589111,-900.0657460027102
16.259999999999742,nan,nan,nan,2.8916581182394,4.258953757565427,0.0,nan,nan,nan,-0.020860972841758064,-1.9517248075226896,0.0,-899.7225822492129,-898.0886120650418,899.8471181498726,-899.611305506169
16.31999999999974,nan,nan,nan,2.8903397403239595,4.142272135335922,0.0,nan,nan,nan,-0.02429475825549472,-1.9335855880879533,0.0,-899.4216100490252,-898.1051757072066,899.7442701701549,-899.6050037460407
16.37999999999974,nan,nan,nan,2.8891201478753636,4.0267145222903125,0.0,nan,nan,nan,-0.013383563841965665,-1.91409947422526,0.0,-899.4217038712285,-898.198931689213,899.5351475450765,-899.9765702214696
16.43999999999974,nan,nan,nan,2.888507658468763,3.912336844627225,0.0,nan,nan,nan,-0.0045135371811304975,-1.8942097027838316,0.0,-899.5357648106389,-898.3703050670823,899.2403548319235,-899.5994638854597
16.499999999999737,nan,nan,nan,2.8884590615179846,3.799419697672473,0.0,nan,nan,nan,0.005723760064414641,-1.864919464851706,0.0,-899.4048755027422,-898.6676841638218,899.2588533023783,-899.6733646035335
16.559999999999736,nan,nan,nan,2.8887830793669327,3.688249426307161,0.0,nan,nan,nan,0.004745427587358985,-1.8359778649632148,0.0,-899.4312845927269,-898.7391082880341,899.478695904303,-899.4390981402532
16.619999999999735,nan,nan,nan,2.889037949179256,3.5787819957905214,0.0,nan,nan,nan,0.003233627391325381,-1.8081668290994304,0.0,-899.3902192885093,-898.709185621947,899.6237423104545,-899.5625471010824
16.679999999999733,nan,nan,nan,2.8891713137378403,3.471086157561265,0.0,nan,nan,nan,0.00012023712470530081,-1.776928232053446,0.0,-899.3608459307135,-898.8755607662191,899.7349387000313,-899.6089075209318
16.739999999999732,nan,nan,nan,2.889281940465551,3.365142382746024,0.0,nan,nan,nan,0.005085371728270681,-1.7497681927310582,0.0,-899.2594254954932,-898.6665202637182,899.6243528282859,-899.8253389518219
16.79999999999973,nan,nan,nan,2.889618905063436,3.2608567961190946,0.0,nan,nan,nan,0.006656854393339849,-1.7216336125047595,0.0,-899.4549684077047,-898.9539228784853,899.4774944649807,-899.5411388092331
16.85999999999973,nan,nan,nan,2.8902472770388226,3.158314140613804,0.0,nan,nan,nan,0.017181232864485363,-1.6916605400939444,0.0,-899.4969384223166,-899.1241557694269,899.6260953004914,-900.0521173554956
16.919999999999728,nan,nan,nan,2.8914135773060057,3.0577492776580577,0.0,nan,nan,nan,0.02360765221422929,-1.655925030905234,0.0,-899.1893981751426,-899.1085618745044,899.7585450368127,-900.0188361379876
16.979999999999727,nan,nan,nan,2.8927587552400027,2.9587661848560725,0.0,nan,nan,nan,0.019931461579825747,-1.6396679935821445,0.0,-899.5832633277154,-898.7661510722731,900.1367454850547,-899.9882646189973
17.039999999999726,nan,nan,nan,2.893952057563409,2.860564339424137,0.0,nan,nan,nan,0.019802068787508488,-1.6314061567302447,0.0,-899.7774989438417,-898.6607709015038,900.129720672475,-900.1246993682767
17.099999999999724,nan,nan,nan,2.8949619771470854,2.762988239972824,0.0,nan,nan,nan,0.010109993649565557,-1.6176934349072747,0.0,-899.7633998167437,-898.8853884345104,900.5301921706774,-900.1382850271953
17.159999999999723,nan,nan,nan,2.89534982540137,2.666332519520404,0.0,nan,nan,nan,-0.0020617264229378937,-1.600137379758568,0.0,-899.7201240602507,-899.0241086230886,900.414052868809,-899.9216226652393
17.21999999999972,nan,nan,nan,2.895097622939428,2.570413554453612,0.0,nan,nan,nan,-0.008873120605594545,-1.5958664013883561,0.0,-899.6460459096722,-898.4343691541861,900.1651866526311,-899.8895492360015
17.27999999999972,nan,nan,nan,2.894398126155725,2.4745206009009983,0.0,nan,nan,nan,-0.01790823747301437,-1.6033048497438547,0.0,-900.0275838525397,-898.342403175639,900.2810362857686,-899.9153762487817
17.33999999999972,nan,nan,nan,2.8933480191263996,2.378098516412342,0.0,nan,nan,nan,-0.01670114441382499,-1.6156449260993164,0.0,-900.0842544209329,-898.184648986682,900.1875594602332,-900.2362290104871
17.399999999999718,nan,nan,nan,2.8923036946966842,2.281048636301815,0.0,nan,nan,nan,-0.018852271145967298,-1.6214267796560806,0.0,-899.889099503123,-898.237309103511,900.0868062713756,-899.9995973476537
17.459999999999717,nan,nan,nan,2.891086711494596,2.1835349260457644,0.0,nan,nan,nan,-0.023309647264481634,-1.6340339360062401,0.0,-900.0408564505531,-898.0983946703691,900.0494560485467,-899.8688484547394
17.519999999999715,nan,nan,nan,2.8896602077980553,2.0852379637974714,0.0,nan,nan,nan,-0.02472232098616079,-1.6483473039958028,0.0,-899.8174748377684,-897.781971055503,899.9863556801257,-899.9288807724779
17.579999999999714,nan,nan,nan,2.8883130440693883,1.986004651966855,0.0,nan,nan,nan,-0.01826218874169286,-1.6679930703122665,0.0,-899.938635707557,-897.6582951523992,899.9196713193309,-900.1807988289174
17.639999999999713,nan,nan,nan,2.8871820396940073,1.8854729740341263,0.0,nan,nan,nan,-0.02005234612648604,-1.6976118197462393,0.0,-900.2221714496734,-897.4963330946034,900.1482422071339,-900.0756170931098
17.69999999999971,nan,nan,nan,2.886174662394062,1.7831890218802542,0.0,nan,nan,nan,-0.010954803803649785,-1.7249024403686333,0.0,-900.4736302423507,-897.7900515330006,900.0744599440462,-900.4423405992743
17.75999999999971,nan,nan,nan,2.8854676422357386,1.6792332562257615,0.0,nan,nan,nan,-0.01349499347280868,-1.7554368911705802,0.0,-900.4068481190517,-897.538434496447,900.3612222567064,-900.258389248262
17.81999999999971,nan,nan,nan,2.884571617735965,1.573529470189321,0.0,nan,nan,nan,-0.017978342014098585,-1.7785083044832175,0.0,-900.4763526167917,-897.8577545396442,900.4352371396265,-900.2537584472303
17.879999999999708,nan,nan,nan,2.8835817521900218,1.4665461010812342,0.0,nan,nan,nan,-0.013690246466844677,-1.7939821501134026,0.0,-900.3023579405416,-897.9519872823483,900.1932119611245,-900.3665336437191
17.939999999999706,nan,nan,nan,2.882572527475771,1.3587412832387722,0.0,nan,nan,nan,-0.02395830715811028,-1.8028344135614671,0.0,-900.1879664157981,-898.0801427550803,900.5757214909069,-900.1602154180802
17.999999999999705,nan,nan,nan,2.88095721098175,1.2505427972600147,0.0,nan,nan,nan,-0.03362661653778556,-1.8042569672182627,0.0,-900.0297620884047,-898.2104750037684,900.6985867930815,-900.3071585473841
18.059999999999704,nan,nan,nan,2.8786902839716966,1.1423369111254233,0.0,nan,nan,nan,-0.04775280902157001,-1.8018544440782822,0.0,-900.190043317784,-898.5258741894029,900.6445986340561,-900.0723845685362
18.119999999999703,nan,nan,nan,2.875741766388048,1.034107372721806,0.0,nan,nan,nan,-0.052074649704577175,-1.8080180472830187,0.0,-900.1654070289534,-898.1529575206469,900.2711008842799,-900.094936159868
18.1799999999997,nan,nan,nan,2.8724941649017737,0.9256020747134519,0.0,nan,nan,nan,-0.0585815025928507,-1.8092278954227392,0.0,-900.0334428842848,-898.2127757824879,900.2374072552784,-899.9725339680489
18.2399999999997,nan,nan,nan,2.868873582986719,0.8168364757379765,0.0,nan,nan,nan,-0.06411969754752368,-1.8208178207001897,0.0,-900.3405626661397,-898.0904299847388,900.1862476517364,-899.9601768186169
18.2999999999997,nan,nan,nan,2.8650856111208114,0.7073226502754384,0.0,nan,nan,nan,-0.06122987561159211,-1.8357508751690783,0.0,-900.4183347800748,-898.0077224422531,899.7924793893478,-899.9072807253526
